{"Acton Town": 0.005741259257000608, "Ealing Common": 0.004797605838442461, "North Ealing": 0.0007350775340220073, "Park Royal": 0.000714919904967744, "Alperton": 0.0006602750059368874, "Ealing Broadway": 0.007124204791297191, "Paddington": 0.01568122346894771, "Edgware Road (Cir)": 0.013882297771440425, "Baker Street": 0.024814161530501783, "Great Portland Street": 0.008674900252030446, "Euston Square": 0.008919405382988193, "King's Cross St. Pancras": 0.025130795524886184, "Angel": 0.006387444951422667, "Highbury & Islington": 0.008998503799232418, "Finsbury Park": 0.009073306327317537, "Arsenal": 0.0005191415613811071, "Caledonian Road": 0.001085087274873305, "Holloway Road": 0.0008436763850371512, "Bond Street": 0.022323027057035726, "Tottenham Court Road": 0.014695872898187901, "Holborn": 0.014800115778692065, "Chancery Lane": 0.011298936887845326, "St. Paul's": 0.010902153036058874, "Bank / Monument": 0.0268845993761349, "Farringdon": 0.006530380866534716, "Barbican": 0.005504054131795746, "Hammersmith (Dis)": 0.0047593033391217674, "Barons Court": 0.0038641063373512905, "Bayswater": 0.0023164149942118163, "Regent's Park": 0.0015637032899143211, "Oxford Circus": 0.020237388376378083, "Warren Street": 0.013687450704307859, "Euston": 0.017772600014209477, "Camden Town": 0.008447939167820374, "Chalk Farm": 0.00346035293274727, "Belsize Park": 0.0031222695387432783, "Green Park": 0.031178594941156094, "Westminster": 0.019379622679826104, "Embankment": 0.004991551670296892, "Temple": 0.0020580608811467437, "Blackfriars": 0.0018030112974348291, "Seven Sisters": 0.004404607174824173, "Tottenham Hale": 0.004558928695616647, "Blackhorse Road": 0.0020751242690794135, "Waterloo": 0.024081577414082612, "Kennington": 0.005144250967588726, "Elephant & Castle": 0.003464498615026686, "Borough": 0.002687213228812071, "Lambeth North": 0.0007522610866584284, "South Ealing": 0.002885575113529359, "Northfields": 0.0026569918058186454, "Boston Manor": 0.0023467866230849313, "Manor House": 0.004146042773527535, "Turnpike Lane": 0.0034456327565377484, "Wood Green": 0.0026883247523217697, "Bounds Green": 0.0017226511518012163, "Earl's Court": 0.008436012820973067, "Gloucester Road": 0.008698482575141617, "South Kensington": 0.01066783186374404, "Sloane Square": 0.007851231290167869, "Victoria": 0.019714011009189746, "Pimlico": 0.006819346937880406, "Vauxhall": 0.006488593590805237, "Stockwell": 0.008779053009006796, "Brixton": 0.0022989009886400795, "Southwark": 0.018380032591671775, "London Bridge": 0.024786253278055566, "Bermondsey": 0.008453226414785426, "Canada Water": 0.00855758945999334, "Canary Wharf": 0.008411138727296569, "North Greenwich": 0.005120097862134735, "Canning Town": 0.004155085167484813, "Piccadilly Circus": 0.005860552766649608, "Charing Cross": 0.003057921339884513, "Leicester Square": 0.0046612789820367284, "Chiswick Park": 0.00020953720216614904, "Clapham North": 0.00557020480121078, "Clapham Common": 0.005226744036713922, "Covent Garden": 0.0023640903404251036, "Liverpool Street": 0.019185286312684482, "Aldgate East": 0.008111598162020773, "Whitechapel": 0.008242938183220831, "Stratford": 0.014428957049980555, "West Ham": 0.007105939756327009, "Barking": 0.00394969364759808, "East Ham": 0.0013706586933380238, "Old Street": 0.00648405737323863, "Moorgate": 0.01134502005173391, "Bethnal Green": 0.006496224049493438, "Mile End": 0.006229788860101098, "Tower Hill": 0.004813828073448873, "Sudbury Town": 0.0005252399200964803, "Sudbury Hill": 0.0005210341554651883, "South Harrow": 0.0005173991731767147, "Rayners Lane": 0.0017310326398878623, "Eastcote": 0.0012571631306450186, "Edgware Road (Bak)": 0.0008808072784962709, "Marylebone": 0.003173970402532231, "Harrow-on-the-Hill": 0.003955341388674386, "West Harrow": 0.0015670679016193546, "West Brompton": 0.0035055649025336577, "Fulham Broadway": 0.0033973565868057054, "Leyton": 0.00568376044625566, "Leytonstone": 0.004737343239511236, "Wanstead": 0.001691137958242465, "Redbridge": 0.0014800085737516127, "Gants Hill": 0.001251395224864961, "Goodge Street": 0.0012581244482750282, "West Acton": 0.0019512044183359922, "North Acton": 0.002376437263735539, "Hanger Lane": 0.0016023662833462686, "Perivale": 0.0013113273708608704, "Greenford": 0.0011529803324927311, "Osterley": 0.0022173391959689546, "Hounslow East": 0.002109911950815385, "Hounslow Central": 0.0018307693440013555, "Hounslow West": 0.001559106989995838, "Hatton Cross": 0.0013538957171647318, "Heathrow Terminal 4": 0.0001894096142878236, "Heathrow Terminals 123": 0.0009427221421040749, "Heathrow Terminal 5": 0.000302574724045513, "High Street Kensington": 0.002988766552875699, "Ruislip Manor": 0.0011065967568447692, "Ruislip": 0.0010313135699446447, "Ickenham": 0.0009291735717561275, "Hillingdon": 0.0008495644555209598, "Knightsbridge": 0.004771169603617198, "Hyde Park Corner": 0.004691049787391087, "Kensington (Olympia)": 4.380003451731115e-05, "Royal Oak": 0.0017991960680907285, "Westbourne Park": 0.0017256252282190584, "Ladbroke Grove": 0.0015842814954317136, "Mansion House": 0.0012911397006306693, "Mornington Crescent": 0.00040168056346431233, "Northwick Park": 0.00041318633384848945, "Parsons Green": 0.0027339873397472245, "Plaistow": 0.0014123858867156269, "Ravenscourt Park": 0.0003388344234024365, "Turnham Green": 0.002272014136175749, "Gunnersbury": 0.0015837107130888953, "Kew Gardens": 0.001258304695330655, "Richmond": 0.001006890093907214, "Russell Square": 0.0034076907513283083, "Arnos Grove": 0.0012212038430474731, "Southgate": 0.0008519076672441081, "St. James's Park": 0.00420973006651567, "St. John's Wood": 0.0009683472651790176, "Stamford Brook": 0.00027310433045053204, "Stepney Green": 0.0005139444379438678, "Clapham South": 0.004569292901315187, "Balham": 0.004068776869015516, "Tooting Bec": 0.003188930908149255, "Tooting Broadway": 0.002702233816780971, "Uxbridge": 0.0007146495343843039, "Putney Bridge": 0.0022878458358949693, "East Putney": 0.0019245879364551022, "Southfields": 0.0016244165064846132, "Wimbledon Park": 0.0012716129362711, "Wimbledon": 0.0011415346444604297, "Latimer Road": 0.001262510459961947, "Wood Lane": 0.0011768630673632814, "Aldgate": 0.0007211684695628063, "Finchley Road": 0.006641322929273008, "Rickmansworth": 0.0006088144715554374, "Chorleywood": 0.000400689204658365, "Chalfont & Latimer": 0.0003272084883145083, "Amersham": 0.0001623124735919288, "Oval": 0.004467212985478546, "Newbury Park": 0.0007132676402911651, "Barkingside": 0.00034940891733254185, "Cannon Street": 0.001112034209689511, "Hampstead": 0.00268805438173833, "Golders Green": 0.0024122463454533958, "Brent Cross": 0.001778197286110207, "Hendon Central": 0.0016847692289436516, "Colindale": 0.0011148881214036019, "Burnt Oak": 0.0007363693045873326, "Wembley Park": 0.0024149800924637356, "Kingsbury": 0.0011675803439985017, "Queensbury": 0.0008455389379452947, "Canons Park": 0.00052169506133582, "Chesham": 6.924491053662703e-05, "Oakwood": 0.0003827846637994367, "Cockfosters": 0.00016357420298131634, "Colliers Wood": 0.001560428801737101, "Moor Park": 0.0005876054013433513, "Croxley": 0.0002490113073484171, "Willesden Green": 0.0015013978910193256, "Dollis Hill": 0.0003122179415215465, "Kentish Town": 0.0039753488118489605, "Tufnell Park": 0.003342651605422973, "Archway": 0.0031156604800369626, "Highgate": 0.0024397941037883576, "East Finchley": 0.002016994593639772, "Edgware": 0.0003963031929714463, "Snaresbrook": 0.002233771719206931, "South Woodford": 0.0020244448052723464, "Woodford": 0.001690687340603398, "Buckhurst Hill": 0.0010222411348114293, "Loughton": 0.0008597784553398115, "Debden": 0.0005824984014339254, "Theydon Bois": 0.00035989328773483375, "Epping": 0.00028941668898475696, "Warwick Avenue": 0.0026570218469945833, "Maida Vale": 0.002332667270394166, "Kilburn Park": 0.002105405774424715, "Queen's Park": 0.0018844529254022026, "Kensal Green": 0.0014335048333998996, "Willesden Junction": 0.0014557653447698088,