{"ABQ": 0.0047232772021156555, "BWI": 0.00917693815802175, "STL": 0.04307702037433386, "AUS": 0.01335682212317801, "DFW": 0.191553189293905, "BOS": 0.02199119919314842, "SEA": 0.009023822758939776, "ORD": 0.12024718151164843, "BMI": 0.0012831736162195809, "CMH": 0.005309942182293868, "SFO": 0.01450518761629281, "OKC": 0.006737077559606826, "HNL": 0.006789502940814241, "JFK": 0.014131552756576472, "LAX": 0.03893791170567226, "IAD": 0.007365349985187749, "SNA": 0.010111441381766619, "SJC": 0.01793031252184391, "DEN": 0.011658406201839382, "MCI": 0.007817206842261181, "MSP": 0.006804481621159216, "SAT": 0.010011583512800114, "ITO": 2.7460913965788693e-05, "LAS": 0.009532265741760894, "OGG": 0.0022917380927812746, "GRR": 0.002905863986925276, "PHX": 0.009229363539229164, "SAN": 0.013827818405136688, "SJU": 0.01739773722068922, "ORF": 0.003313616951871836, "ONT": 0.004119137094868304, "FLL": 0.00751596893754556, "MCO": 0.010589094854989732, "MIA": 0.02821234442976164, "PHL": 0.009602998398945501, "TPA": 0.007913736115595468, "SLC": 0.003986825418487686, "SMF": 0.003318609845320161, "AMA": 0.00196803216754819, "DSM": 0.0035382971570464706, "IAH": 0.006549844055294631, "PIT": 0.0037762917447499724, "LGA": 0.018982980890532474, "TUL": 0.007364517836279695, "EWR": 0.011482822782239945, "CLT": 0.0037396771927955875, "TUS": 0.0063484640195455135, "BNA": 0.00708241935644932, "ATL": 0.007582540850189896, "MSY": 0.005225895142580394, "DTW": 0.008165045085827839, "COS": 0.004402067723606733, "DCA": 0.0073761679209924545, "BUR": 0.0018199096619145416, "MFE": 0.0015802507763949313, "SHV": 0.0019880037413414907, "XNA": 0.0036606230465304384, "ALB": 0.002022121846571713, "ELP": 0.005086094126027288, "RDU": 0.011768249857702537, "RNO": 0.003931903590556109, "EGE": 0.001008564476561694, "STX": 0.0020321076334683633, "BDL": 0.008485422415428706, "ACT": 0.0013938494209907897, "CVG": 0.001997989528238141, "MDW": 0.001218266001391353, "MEM": 0.0029341570497991194, "RSW": 0.001970528614272352, "MKE": 0.00338767820468866, "PWM": 0.0011824835983450222, "TOL": 0.0012174338524832988, "MAZ": 0.0005483861304077197, "IND": 0.00573600242321762, "ROC": 0.002228494775769155, "PVD": 0.003435110692447749, "TYS": 0.0013231167638061826, "ISP": 0.000488471409027817, "HOU": 0.003003225409167618, "LGB": 0.0019006281059957993, "PDX": 0.004742416627000902, "PBI": 0.0019064531483521786, "EYW": 0.0012332446817363287, "SBA": 0.0011134152389765234, "STT": 0.0036864196626801185, "CID": 0.002480635894909579, "SBP": 0.0008987208206985391, "PSP": 0.0030697973218119542, "LIH": 0.00015810829253029855, "FAT": 0.0020054788684106288, "ILE": 0.0014587570358190177, "ABI": 0.0011924693852416726, "GSO": 0.0009503140529978996, "SYR": 0.0019122781907085582, "SDF": 0.0023574778565175567, "AZO": 0.001111750941160415, "CRP": 0.0015502934157049799, "MTJ": 0.00027627343747399535, "MSN": 0.0027627343747399537, "BFL": 0.00018307275977192463, "BGR": 0.0010277039014469406, "SPS": 0.0008338132058703112, "ICT": 0.00294414283669577, "RST": 0.0012057837677705398, "HPN": 0.0019655357208240272, "RIC": 0.0025630186368069447, "BPT": 0.0006790335089722295, "BTR": 0.0011824835983450222, "OMA": 0.004407060617055058, "BTV": 0.00010485076241482955, "CHA": 0.0005517147260399365, "KOA": 0.0006257759788567606, "HSV": 0.0018207418108225958, "CLE": 0.004682501905621, "CLL": 0.001219098150299407, "JAX": 0.0029408142410635527, "CMI": 0.0016792764964533814, "OAK": 0.003146355021352941, "MRY": 0.0005874971290862673, "LSE": 0.0006266081277648147, "DAY": 0.002260116434275215, "DBQ": 0.0008895671827099428, "FSM": 0.0014429462065659877, "FWA": 0.001789120152316536, "LBB": 0.002055407802893881, "GSP": 0.0016276832641540207, "HRL": 0.00018556920649608722, "LIT": 0.004050068735499806, "JAN": 0.0009161959477676773, "LAW": 0.0009295103302965446, "LRD": 0.0007722341866743003, "MAF": 0.0013405918908753207, "SGF": 0.0022168446910563965, "SJT": 0.0010268717525388864, "TYR": 0.0014412819087498794, "DLH": 0.0005733505976493457, "HDN": 0.0003303631164975185, "EVV": 0.0010401861350677537, "MDT": 0.0013464169332317003, "UIN": 7.905414626514928e-05, "GGG": 0.0007256338478232649, "GRB": 0.0013056416367370443, "MLI": 0.000763080548685704, "BUF": 0.0028151597559473683, "PIA": 0.0013955137188068983, "TBN": 5.2425381207414776e-05, "SWF": 0.0013405918908753207, "LFT": 0.000877917097997184, "TVC": 0.0009087066075951896, "SAV": 0.0005916578736265382, "SPI": 0.00021386226936993014, "SUX": 0.00013397597419672667, "BHM": 0.0014637499292673428, "ORH": 0.000414410156210993, "LNK": 0.0005716862998332374, "JLN": 0.00010235431569066696, "MWA": 8.90399331617997e-05, "TXK": 0.0004709962819586788, "DRO": 0.00013980101655310608, "JAC": 0.00038694924224520435, "ALO": 0.00010734720913899216, "BRL": 6.657191264433623e-05, "LEX": 0.00014396176109337708, "MKL": 4.909678557519797e-05, "PAH": 6.906835936849884e-05, "COU": 0.0001464582078175397, "CGI": 6.1579019196011e-05, "DEC": 6.906835936849884e-05, "OWB": 4.660033885103536e-05, "SBN": 0.00030872724488810926, "GUC": 0.00021552656718603854, "MQT": 0.0002288409497149058, "FSD": 0.00027960203310621216, "MHT": 1.6642978161084057e-05, "IRK": 9.153637988596232e-06}