{"Lesotho": 0.09090909090909091, "Moon": 0.09090909090909091, "Coal": 0.09090909090909091, "Pyramid": 0.09090909090909091, "Apple": 0.09090909090909091, "Snow_Goose": 0.09090909090909091, "Royal_Navy": 0.09090909090909091, "Abel_Tasman": 0.09090909090909091, "American_Samoa": 0.09090909090909091, "Florence_Nightingale": 0.09090909090909091, "William_and_Mary": 0.09090909090909091}